ACEDOGS 学祭シフト  10/10,,,,
時間,調理（2）,レジ＋カウント（1）,提供＋調味料補充（2）,呼び込み（4）
9:00〜10:00,松田花怜 / 花阪旺祐,りつき,いでこう / 治佳,清藤宙 / 山口 亜美 / 大木祐弥 / 沼田楓雅
10:00〜11:00,沼田楓雅 / 大木祐弥,花阪旺祐,じょた / 長尾泰知,いでこう / 大崎陸 / 3年のこはる / あいか
11:00〜12:00,長尾泰知 / 治佳,3年のこはる,るな / ゆら,じょた / 三上颯大 / 加賀美 遼 / 川村悠悟
12:00〜13:00,いでこう / るな,沼田楓雅,大木祐弥 / 花阪旺祐,ゆら / 多田悠太 / あきら / 三上颯大
13:00〜14:00,多田悠太 / あきら,長尾泰知,杉田莉埜 / そうまたいき,佐藤望帆 / ちなつ / かける / かんな
14:00〜15:00,杉田莉埜 / 大崎陸,あきら,沼田楓雅 / 佐藤望帆,花阪旺祐 / 山口歩実 / 渡辺莉央 / かける
15:00〜16:00,山口歩実 / 渡辺莉央,そうまたいき,並木大翔 / 柴田大輝,やまと / 丸茂浩之 / ゆうと / 田中つばさ
16:00〜17:00,そうまたいき / 田中つばさ,ゆうと,やまと / あいか,柴田大輝 / 栗原玲皇 / 森 陽之樹 / 丸茂浩之
